{"cameraMode":{"drawMode":0,"name":"Shaded","section":"Shading Mode"},"sceneLighting":false,"audioPlay":false,"sceneViewState":{"m_AlwaysRefresh":false,"showFog":true,"showSkybox":true,"showFlares":true,"showImageEffects":true,"showParticleSystems":true,"showVisualEffectGraphs":true,"m_FxEnabled":true},"in2DMode":false,"pivot":{"x":-0.4636489748954773,"y":2.9467122554779054,"z":0.16841456294059754},"rotation":{"x":0.25914856791496279,"y":0.7360447645187378,"z":-0.4884696304798126,"w":0.3905247747898102},"size":4.125300407409668,"orthographic":true}