{"cameraMode":{"drawMode":0,"name":"Shaded","section":"Shading Mode"},"sceneLighting":true,"audioPlay":false,"sceneViewState":{"m_AlwaysRefresh":false,"showFog":true,"showSkybox":true,"showFlares":true,"showImageEffects":true,"showParticleSystems":true,"showVisualEffectGraphs":true,"m_FxEnabled":true},"in2DMode":false,"pivot":{"x":-0.7781622409820557,"y":0.45448005199432375,"z":0.7715462446212769},"rotation":{"x":-0.08473978936672211,"y":0.8375281095504761,"z":-0.13585573434829713,"w":-0.5224071145057678},"size":1.7848972082138062,"orthographic":false}