{"cameraMode":{"drawMode":0,"name":"Shaded","section":"Shading Mode"},"sceneLighting":false,"audioPlay":false,"sceneViewState":{"m_AlwaysRefresh":false,"showFog":true,"showSkybox":true,"showFlares":true,"showImageEffects":true,"showParticleSystems":true,"showVisualEffectGraphs":true,"m_FxEnabled":true},"in2DMode":false,"pivot":{"x":0.5719929337501526,"y":0.9153164029121399,"z":1.924782395362854},"rotation":{"x":-0.060975879430770877,"y":-0.8973308801651001,"z":0.41697847843170168,"w":-0.1312188059091568},"size":4.353168964385986,"orthographic":true}