{"cameraMode":{"drawMode":0,"name":"Shaded","section":"Shading Mode"},"sceneLighting":false,"audioPlay":false,"sceneViewState":{"m_AlwaysRefresh":false,"showFog":true,"showSkybox":true,"showFlares":true,"showImageEffects":true,"showParticleSystems":true,"showVisualEffectGraphs":true,"m_FxEnabled":true},"in2DMode":false,"pivot":{"x":-1.2900230884552003,"y":2.0058696269989015,"z":-1.7469537258148194},"rotation":{"x":0.07467259466648102,"y":0.918666422367096,"z":-0.21055926382541657,"w":0.3257940709590912},"size":4.9295759201049809,"orthographic":false}