{"cameraMode":{"drawMode":0,"name":"Shaded","section":"Shading Mode"},"sceneLighting":true,"audioPlay":false,"sceneViewState":{"m_AlwaysRefresh":false,"showFog":true,"showSkybox":true,"showFlares":true,"showImageEffects":true,"showParticleSystems":true,"showVisualEffectGraphs":true,"m_FxEnabled":true},"in2DMode":false,"pivot":{"x":-8.066274642944336,"y":-15.746910095214844,"z":11.684516906738282},"rotation":{"x":0.38063758611679079,"y":-0.26459407806396487,"z":0.11463000625371933,"w":0.8786348700523377},"size":15.071418762207032,"orthographic":false}